date,headline
2026-05-29,asset-mcp added to PyPI
2026-05-29,Trump says US lifting naval blockade as ships may start heading home
2026-05-29,Can Ethereum Reclaim Its 2021 Highs Against Bitcoin As Fundamentals Strengthen?
2026-05-29,Robinhood stock is surging — and bitcoin isn't the reason this time
2026-05-29,"Wall Street follows global stocks higher, crude prices ease on potential US-Iran truce extension"
2026-05-29,BlackRock trims equity overweight to 1% as US stocks hit record highs
2026-05-29,Ohio suspends data center tax break amid AI power cost debate
2026-05-29,Bijou64: A variable-length integer encoding
2026-05-29,CFTC Approves Bitcoin Perpetual Futures on Prediction Market Kalshi
2026-05-29,"JPMorgan Chase Customer Loses $35,000 To Scammers Impersonating Bank’s Fraud Department and the FBI"
2026-05-29,"Bitcoin crash warning? $2.8 billion ETF outflows shake crypto market as BTC USD falls below $72,000 today - here's what traders need to know"
2026-05-29,"Live markets: Bitcoin shrugs off early decline, but two-month winning streak is in jeopardy"
2026-05-29,"French foreign minister summons Russian ambassador over drone incident in Romania, raising crypto market risk flags"
2026-05-29,"Iran positions Strait of Hormuz as leverage in US talks, says official"
2026-05-29,Strategy CEO Phong Le hints at raising $80B to buy Bitcoin
2026-05-29,"US negotiators near preliminary deal with Iran, awaiting Trump approval"
2026-05-29,"Strategy eyes $80B Bitcoin purchase, boosting market demand"
2026-05-29,"Crypto News: Gruntle Hits 5,000 Community Members and Sells Out First Round as Iran Ceasefire Lifts Stocks"
2026-05-29,Bitcoin miners’ real prize is power as AI reshapes mining
2026-05-29,"Ripple Makes New Demands From SEC, What Are They Asking For?"
2026-05-29,Bitcoin price outlook amid 9-day streak of ETF outflows
2026-05-29,Bitcoin ETFs bleed $2.8B in record nine-day outflow streak
2026-05-29,"Scott Bessent warns of US manufacturing vulnerabilities at Reagan Forum, ties economic resilience to digital asset strategy"
2026-05-29,"China’s factory activity likely remains flat in May, signaling stalled recovery"
2026-05-29,TRON enables asset movement via Claude AI interface with Symbiosis integration
2026-05-29,US CFTC approves first bitcoin perpetual futures contracts for regulated exchange
2026-05-29,"US inflation hits three-year high as energy prices surge, complicating Fed rate cut timeline"
2026-05-29,The Secret Energy Play Overlooked by AI Investors That Is Set to Soar
2026-05-29,CFTC signs off on Kalshi’s perpetual Bitcoin futures product
2026-05-29,"Gold gains on US-Iran ceasefire optimism, but still set for monthly drop"
2026-05-29,"Scott Bessent warns of US manufacturing vulnerabilities at Reagan Forum, ties strategy to Bitcoin reserve"
2026-05-29,"Bitcoin Has Hit A Ceiling, Analyst Says No Buying Until Price Hits This Level"
2026-05-29,What American crypto asset perpetuals mean for the future of crypto
2026-05-29,U.S. CFTC opens crypto 'perp' door with first approval at Kalshi
2026-05-29,Fidelity Names 6 Major Crypto Market Trends for 2026
2026-05-29,NYSE parent ICE pushes ‘level playing field’ for 24/7 onchain perps
2026-05-29,Genius Group Provides Response to Unusual Market Activity
2026-05-29,Bitcoin ETFs see record $2.8B outflow amid macro uncertainty
2026-05-29,Bitcoin Whales Go Quiet — Is Market Momentum Fading?
2026-05-29,Litecoin price outlook: LTC bounce driven by Nexus Wallet update and LitVM speculation
2026-05-29,Crypto Business in France Warned Over Missing EU Licenses
2026-05-29,"SRx Health Solutions Invests in Uber Technologies, Inc. and Provides Shareholders with Portfolio Update"
2026-05-29,Bitcoin ETFs Shed $2.8B in Record-Breaking Nine-Day Streak
2026-05-29,US goods trade deficit narrows to $82.4B in April as exports surge
2026-05-29,DxSale Hacked for $7.3M—Suspicions of Insider Team Attack
2026-05-29,"While Wall Street Prepares for the SpaceX IPO, James Altucher Says He's Watching a Different Story Entirely"
2026-05-29,Texas expands Bitcoin acquisitions for strategic reserve
2026-05-29,Bitcoin falls out of the global top 10 assets as market cap dips below $1.5T
2026-05-29,Texas shifts Strategic Bitcoin Reserve from ETF to direct custody
2026-05-29,Morning Minute: Hyperliquid Is 'Bigger Than Nasdaq'
2026-05-29,"Strategy situation ‘out of hand,’ says Arca exec on $15B preferred stock burden"
2026-05-29,"Corner Expands Leadership Team, Appointing Michael Sonnenshein Partner & Group President"
2026-05-29,Iran Launches Bitcoin-Settled Maritime Insurance for the Strait of Hormuz
2026-05-29,Ukrainian Police Officers Allegedly Kidnapped Crypto Entrepreneurs to Extort Millions
2026-05-29,Why Private Proxy Servers Still Matter (and Where to Buy the Best Ones)
2026-05-29,Why Private Proxies Still Matter (and Where to Buy the Best Ones)
2026-05-29,"Bitcoin and ethereum prices today, Friday, May 29, 2026: Prices open lower, despite news of U.S.-Iran truce"
2026-05-29,Standard Chartered: Ethereum Will Rise to $40K by 2030
2026-05-29,"Maryland Man Masterminds $1,500,000 Bank Fraud Scheme, Trains Team To Memorize Identities and Open Fake Accounts"
2026-05-29,Texas Bitcoin reserve plans shift from ETF to direct BTC custody
2026-05-29,MetaDAO Price Jumps 27% Amid Coinbase Listing
2026-05-29,Bitcoin underperforms risk assets as record 9th day of ETF outflows signal waning demand
2026-05-29,"Bitcoin avoided an inflation shock, now it has to prove the rally isn’t over"
2026-05-29,Indonesia and India intervene to support weakening currencies as oil prices surge
2026-05-29,"Social Security benefits capped at $50,000 under new, painful proposal. Shockproof your portfolio before it gets signed"
2026-05-29,Mark Cuban Sold Bitcoin—Strategy CEO Says He Simply Found The 'Next Best Thing'
2026-05-29,"KuCoin CMO at BEYOND Expo: ""Trust Is Becoming the New Infrastructure"" for Web3"
2026-05-29,DxSale drained for $7.3M in BNB Chain liquidity exploit
2026-05-29,Bitcoin ETF outflows reach record nine-day streak as investors pull $2.8 billion
2026-05-29,What are Crypto Bridges? Risks & Best Practices
2026-05-29,"KuCoin CMO at BEYOND Expo: ""Trust Is Becoming the New Infrastructure"" for Web3"
2026-05-29,A little-known semiconductor company just won an entrepreneur contest that previously honored Jensen Huang and Michael Dell
2026-05-29,Bitcoin slides to April lows as crypto diverges from record-chasing U.S. equities
2026-05-29,Bitcoin Price Returns Turn Negative When Investors Miss the Best 10 Days: Analyst
2026-05-29,US Constitution published on Bitcoin blockchain via Ordinals inscription
2026-05-29,"OKX, Korea Investment Put $50M in Korean Crypto Exchange Coinone"
2026-05-29,BitFuFu Reports Unaudited First Quarter 2026 Financial Results
2026-05-29,Trump Rejects Iran Deal — Bitcoin Reacts With Sharp Drop Below $74K
2026-05-29,BitFuFu Reports Unaudited First Quarter 2026 Financial Results
2026-05-29,GOP lawmakers' portfolios are migrating to Trump favorites like Intel and bitcoin
2026-05-29,Paxos Becomes First Blockchain Company to Receive SEC Clearing Agency Status
2026-05-29,Unknown Wallet Destroys $8.5 Million In Bitcoin In Shocking Burn
2026-05-29,Upbit lists io net (IO) on KRW market with Solana support
2026-05-29,How AI Agents Trade Crypto: Autonomous Trading Bots Explained
2026-05-29,Analyst Michaël van de Poppe Sees One Macro Overhang Limiting Bitcoin and Altcoin Rallies – Here’s His Outlook
2026-05-29,Strategy's STRC slips below $99 as Strive captures investor attention
2026-05-29,Dollar Dominance Remains Alive And Well (Part 1)
2026-05-29,We Asked ChatGPT Where XRP Bottoms If Bitcoin Drops Below $70K Again
2026-05-29,Q-Day could destroy Bitcoin – and our retirement savings
2026-05-29,HYPE Price Jumps 10% as NYSE Owner’s CEO Says Hyperliquid Is ‘Bigger Than Nasdaq’
2026-05-29,"Yardeni Research forecasts S&P 500 and gold to hit 10,000 by decade’s end"
2026-05-29,Arca CIO Warns Strategy’s Bitcoin Bet Has ‘Gotten Out Of Hand’
2026-05-29,The US Will Never Have Its Own CBDC—And Here’s Why
2026-05-29,Is Bitcoin Dead? Here Are 3 Reasons It Might Be.
2026-05-29,Fear and self-doping in Las Vegas: My trip to the first-ever Enhanced Games
2026-05-29,New lawsuit claims Satoshi Nakamoto’s Bitcoin is “Lost Property” worth under $10 per wallet
2026-05-29,Crypto Card Payments Explode As Transaction Volume Nears $8 Billion
2026-05-29,"Bitcoin consolidates near $73,600 as whale outflows hit highest level since February"
2026-05-29,Bitcoin Whales Stop Buying as BTC Price Slides Below $74K
2026-05-29,European Central Bank warns Iran war may raise euro-area inflation expectations
